danceability,energy,key,loudness,mode,speechiness,acousticness,instrumentalness,liveness,valence,tempo,Label
0.545,0.884,5,-4.807,0,0.367,0.29,0,0.37,0.641,86.049,1
0.795,0.545,7,-8.153,1,0.343,0.00396,0,0.273,0.809,91.967,1
0.489,0.871,5,-5.825,1,0.386,0.00285,0.00000372,0.13,0.341,117.431,1
0.539,0.931,4,-1.803,0,0.262,0.000713,0,0.204,0.685,85.571,0
0.918,0.734,11,-2.832,0,0.269,0.0294,0.0000079,0.191,0.608,97.044,1
0.65,0.9,1,-4.099,0,0.374,0.0252,0,0.176,0.659,89.788,1
0.875,0.745,1,-5.878,1,0.269,0.0227,0.00000237,0.287,0.749,95.201,1
0.735,0.612,5,-6.774,1,0.0517,0.289,0.0000412,0.103,0.395,105.056,0
0.391,0.191,7,-25.097,1,0.0517,0.977,0.774,0.118,0.44,99.848,1
0.622,0.931,9,-3.412,0,0.0485,0.168,0,0.301,0.455,128.066,0
0.711,0.292,4,-15.523,0,0.037,0.313,0,0.131,0.194,103.951,1
0.853,0.599,7,-4.756,1,0.0411,0.00334,0.00000793,0.0759,0.843,119.993,0
0.776,0.657,11,-7.651,0,0.033,0.649,0,0.0979,0.722,128.058,0
0.544,0.903,8,-4.705,1,0.443,0.000437,0,0.395,0.443,128.052,0
0.665,0.876,2,-3.068,0,0.0418,0.0114,0,0.271,0.324,128,0
0.641,0.558,2,-7.362,0,0.0287,0.824,0.00000235,0.0856,0.37,127.998,0
0.442,0.943,3,-3.205,1,0.0602,0.00293,0.00000871,0.091,0.781,85.064,1
0.517,0.826,2,-4.877,1,0.0459,0.013,0,0.143,0.536,154.005,0
0.349,0.913,0,-3.603,1,0.0691,0.0303,0.00000806,0.12,0.225,164.005,1
0.721,0.738,2,-5.682,1,0.0649,0.00222,0,0.224,0.375,135.987,1
0.699,0.865,7,-3.42,0,0.0889,0.0351,0.000129,0.215,0.811,126.985,0
0.551,0.561,2,-6.94,1,0.0835,0.37,0.00000101,0.131,0.334,79.922,1
0.263,0.663,9,-8.264,1,0.19,0.589,0.00451,0.342,0.25,167.271,1
0.807,0.571,4,-6.177,1,0.0332,0.00797,0.00028,0.337,0.811,93.008,1
0.611,0.732,9,-4.137,0,0.0347,0.002,0,0.12,0.475,113.451,1
0.599,0.345,4,-13.496,1,0.0459,0.0576,0.000105,0.141,0.458,84.581,1
0.618,0.938,9,-3.442,1,0.0456,0.0179,0,0.167,0.875,91.455,1
0.592,0.767,9,-2.788,0,0.027,0.0021,0.00165,0.127,0.328,96.483,1
0.458,0.795,0,-3.625,1,0.0574,0.00316,0.000202,0.0756,0.513,123.229,1
0.451,0.97,0,-4.938,1,0.107,0.0264,0.00355,0.102,0.198,122.444,1
0.346,0.85,0,-4.669,1,0.0426,0.00451,0.000726,0.109,0.159,130.745,1
0.366,0.94,1,-5.199,0,0.0696,0.000769,0.0000942,0.188,0.369,130.198,1
0.562,0.783,11,-4.727,0,0.0428,0.135,0.0000144,0.282,0.391,132.06,0
0.413,0.296,8,-13.904,0,0.0277,0.531,0.801,0.183,0.144,79.273,1
0.711,0.411,9,-6.657,1,0.035,0.594,0,0.0903,0.791,73.997,0
0.566,0.438,0,-7.564,0,0.0367,0.809,0,0.212,0.692,117.127,0
0.764,0.443,4,-6.625,1,0.0439,0.52,0.0000196,0.0749,0.63,139.999,0
0.654,0.76,0,-3.669,0,0.045,0.0797,0,0.299,0.41,99.945,0
0.759,0.401,4,-8.999,1,0.259,0.86,0,0.299,0.576,100.126,0
0.731,0.686,11,-5.002,0,0.33,0.0915,0,0.415,0.29,75.54,0
0.777,0.716,11,-5.327,1,0.347,0.294,0,0.665,0.593,95.756,1
0.625,0.719,10,-3.326,0,0.24,0.672,0,0.7,0.524,72.532,0
0.763,0.783,4,-4.601,0,0.222,0.136,0,0.0412,0.529,81.975,0
0.622,0.539,1,4.331,1,0.502,0.242,0,0.107,0.315,173.662,0
0.646,0.796,2,-6.152,1,0.366,0.409,0,0.107,0.676,83.093,0
0.94,0.633,8,-3.56,1,0.0467,0.0581,0.0000404,0.281,0.962,121.003,0
0.558,0.615,1,-5.641,1,0.229,0.0103,0,0.105,0.16,76.673,1
0.548,0.847,1,-3.237,1,0.186,0.0622,0,0.0816,0.1,171.447,1
0.738,0.674,1,-2.299,1,0.28,0.275,0,0.344,0.575,78.929,1
0.712,0.772,10,-3.024,0,0.346,0.0521,0.00000435,0.0368,0.848,84.722,0
0.646,0.813,6,-3.846,0,0.299,0.349,0.0000937,0.0427,0.895,92.729,0
0.504,0.782,1,-0.3006,1,0.342,0.0506,0,0.0787,0.66,170.606,1
0.788,0.816,5,-2.235,0,0.328,0.238,0,0.326,0.826,125.206,0
0.444,0.819,10,-4.078,0,0.341,0.106,0,0.107,0.747,82.695,0
0.504,0.0869,0,-23.637,1,0.0442,0.993,0.914,0.119,0.223,126.49,0
0.566,0.664,4,-5.303,0,0.0464,0.634,0,0.116,0.437,128.945,0
0.863,0.512,0,-6.955,1,0.0363,0.599,0.000137,0.103,0.735,129.045,1
0.545,0.78,7,-4.867,0,0.0436,0.0309,0.0000464,0.0828,0.458,125.015,0
0.655,0.819,0,-4.852,1,0.0316,0.000176,0.00374,0.104,0.766,117.956,1
0.719,0.804,10,-4.581,1,0.0355,0.0132,0.00000302,0.139,0.605,119.999,0
0.724,0.695,11,-5.226,1,0.0622,0.073,0,0.0889,0.235,139,0
0.706,0.841,7,-3.956,1,0.0418,0.0000795,0,0.0688,0.861,132.032,0
0.531,0.752,1,-6.161,1,0.0305,0.0421,0,0.12,0.103,89.917,0
0.811,0.566,8,-6.033,0,0.517,0.563,0,0.104,0.169,100.22,0
0.603,0.593,7,-4.685,1,0.109,0.706,0,0.121,0.523,101.956,0
0.465,0.735,6,-3.715,1,0.117,0.0711,0,0.0975,0.409,173.935,1
0.527,0.415,5,-7.184,1,0.131,0.329,0,0.195,0.12,125.357,1
0.395,0.392,1,-8.034,1,0.0925,0.219,0.00173,0.134,0.103,155.856,1
0.715,0.288,1,-13.843,1,0.925,0.785,0,0.688,0.772,115.114,0
0.657,0.734,8,-4.832,0,0.484,0.149,0,0.139,0.434,91.03,1
0.559,0.733,2,-5.659,0,0.171,0.314,0,0.284,0.611,145.115,1
0.442,0.807,6,-4.753,1,0.265,0.0158,0.00000643,0.217,0.446,84.649,1
0.473,0.727,8,-6.843,1,0.356,0.577,0,0.316,0.854,83.212,1
0.459,0.816,11,-4.872,0,0.403,0.423,0,0.169,0.643,80.293,1
0.425,0.587,9,-5.453,1,0.0278,0.0565,0.00000516,0.298,0.194,144.642,1
0.61,0.175,6,-18.089,1,0.034,0.768,0.000473,0.108,0.143,126.463,0
0.56,0.442,5,-7.224,1,0.0243,0.727,0.0000171,0.11,0.212,146.448,1
0.577,0.749,5,-7.125,0,0.0279,0.599,0.0112,0.183,0.261,130.969,1
0.534,0.434,3,-9.423,1,0.0277,0.0932,0.0126,0.142,0.0395,140.632,0
0.393,0.671,2,-4.198,1,0.0317,0.000133,0.686,0.127,0.242,143.949,1
0.654,0.743,1,-7.173,0,0.131,0.102,0,0.21,0.623,103.051,0
0.581,0.963,11,-4.087,1,0.0981,0.0295,0,0.139,0.788,129.992,0
0.813,0.627,11,-5.018,0,0.0486,0.076,0.000616,0.131,0.801,130.011,0
0.306,0.834,0,-4.644,0,0.0509,0.0434,0.000234,0.363,0.435,86.015,0
0.705,734,1,-4.551,0,0.0775,0.285,0,0.048,0.963,157.992,1
0.408,0.714,0,-6.942,1,0.0666,0.0356,0,0.258,0.76,75.397,1
0.562,0.889,11,-2.849,1,0.0368,0.015,0,0.0637,0.716,148.134,1
0.528,0.965,11,-7.984,0,0.0465,0.141,0.985,0.0797,0.587,136.065,0
0.677,0.485,5,-5.795,1,0.0361,0.529,0.0000204,0.0755,0.493,82.001,0
0.682,0.173,1,-8.749,1,0.0314,0.839,0.0000326,0.0983,0.236,112.663,0
0.56,0.595,9,-4.53,1,0.0274,0.199,0.0000647,0.132,0.144,104.011,1
0.315,0.296,5,-13.262,1,0.0317,0.771,0,0.702,0.436,172.638,1
0.427,0.262,7,-8.541,1,0.0276,0.746,0,0.068,0.228,104.085,0
0.6,0.663,3,-5.802,1,0.0477,0.225,0,0.119,0.286,121.07,0
0.578,0.817,0,-6542,1,0.0363,0.183,0.00000306,0.285,0.726,141.621,1
0.276,0.715,0,-5.356,1,0.0432,0.00552,0.000417,0.201,0.173,137.028,1
0.806,0.608,1,-7.008,1,0.0659,0.0113,0,0.635,0.849,95.049,0
0.371,0.259,7,-11.352,1,0.0312,0.443,0.00384,0.0752,0.0467,140.425,1
0.499,0.705,9,-5.596,0,0.0669,0.00399,9.11e-06,0.104,0.36,123.909,1
0.6659999999999999,0.936,7,-9.919,1,0.0476,0.00244,0.086,0.153,0.7759999999999999,91.577,1
0.595,0.7170000000000001,0,-4.803,1,0.0295,0.0779,0.00274,0.108,0.547,88.969,1
0.458,0.795,0,-3.265,1,0.0574,0.00316,0.000202,0.0756,0.513,123.229,1
0.504,0.96,0,-1.464,1,0.183,0.00417,0.569,0.0613,0.774,96.682,1
0.725,0.8029999999999999,2,-4.083,1,0.0337,0.013,3.66e-05,0.0891,0.403,117.391,1
0.4270000000000001,0.9,11,-3.674,1,0.0499,0.116,1.75e-05,0.119,0.599,104.655,1
0.556,0.913,0,-2.36,1,0.0437,0.0193,8.59e-06,0.34600000000000003,0.73,96.184,1
0.56,0.209,7,-13.591,1,0.039,0.0132,0.551,0.342,0.407,140.744,1
0.4370000000000001,0.7170000000000001,0,-4.803,1,0.039,0.0779,0.00274,0.108,0.547,178.085,1
0.378,0.474,4,-8.202,0,0.0271,0.28,0.0013800000000000002,0.117,0.38,102.379,1
0.458,0.795,0,-3.265,1,0.0574,0.00316,0.000202,0.0756,0.513,123.229,1
0.28300000000000003,0.982,0,-0.32,1,0.0703,0.000204,0.0756,0.0627,0.438,124.149,1
0.243,0.47,4,-8.193999999999999,0,0.0353,0.309,0.000798,0.121,0.393,204.026,1
0.478,0.911,1,-4.617,1,0.4320000000000001,0.0862,0.0,0.29600000000000004,0.5870000000000001,179.979,1
0.561,0.774,1,-3.144,0,0.447,0.399,1.84e-06,0.189,0.82,77.62100000000002,1
0.763,0.728,7,-4.944,1,0.326,0.00677,1.22e-05,0.0915,0.362,105.923,1
0.527,0.885,5,-0.938,0,0.333,0.238,0.0,0.101,0.8420000000000001,88.964,1
0.659,0.948,1,-1.6669999999999998,0,0.302,0.0178,1.39e-05,0.35700000000000004,0.458,110.348,1
0.654,0.75,8,-7.508999999999999,0,0.105,0.244,0.0178,0.16699999999999998,0.557,92.773,1
0.71,0.555,9,-5.942,0,0.295,0.0601,0.0,0.227,0.303,109.204,1
0.514,0.763,10,-3.58,0,0.052000000000000005,0.161,0.0,0.118,0.474,139.748,1
0.5579999999999999,0.8640000000000001,11,-5.1,1,0.43,0.318,0.0,0.123,0.474,152.804,1
0.731,0.8009999999999999,2,-5.194,1,0.32,0.0363,0.0,0.0844,0.774,86.64299999999999,1
0.7440000000000001,0.8759999999999999,1,-3.285,0,0.273,0.00331,0.0,0.0675,0.8420000000000001,85.44200000000002,1
0.512,0.887,0,-4.245,1,0.345,0.0166,0.0,0.0764,0.649,78.752,1
0.868,0.624,7,-8.84,1,0.321,0.0201,7.01e-06,0.114,0.6459999999999999,93.887,1
0.7440000000000001,0.8759999999999999,1,-3.285,0,0.273,0.00331,0.0,0.0675,0.8420000000000001,85.44200000000002,1
0.51,0.721,2,-6.97,1,0.413,0.00655,1.82e-06,0.0362,0.416,92.163,1
0.758,0.705,9,-5.767,1,0.243,0.22,0.0,0.173,0.855,145.964,1
0.5529999999999999,0.6629999999999999,11,-6.412000000000001,1,0.0837,0.171,1.64e-06,0.595,0.299,139.97899999999998,1
0.726,0.8220000000000001,2,-7.6960000000000015,1,0.2,0.113,0.0304,0.306,0.235,86.561,1
0.748,0.758,3,-5.561,0,0.424,0.421,3.39e-06,0.307,0.5329999999999999,85.73299999999998,1
0.789,0.858,1,-5.5420000000000025,1,0.311,0.127,0.0,0.349,0.775,140.02200000000002,1
0.6859999999999999,0.612,11,-5.59,0,0.174,0.0869,6.65e-05,0.142,0.269,77.821,1
0.679,0.875,6,-2.714,0,0.28800000000000003,0.0129,0.000154,0.345,0.488,87.064,1
0.764,0.785,1,-4.096,1,0.369,0.0151,0.0,0.0493,0.777,95.959,1
0.453,0.941,8,-3.393,0,0.329,0.0461,0.0,0.0961,0.677,173.699,1
0.68,0.909,6,-0.564,0,0.161,0.266,0.0,0.064,0.6659999999999999,78.263,1
0.71,0.718,1,-4.77,0,0.257,0.00934,5.41e-05,0.117,0.42,93.354,1
0.594,0.73,0,-4.638,0,0.159,0.0408,0.000164,0.715,0.378,133.88,1
0.895,0.628,10,-3.79,1,0.0473,0.0412,0.0,0.059,0.34,104.009,1
0.382,0.92,10,-1.149,0,0.259,0.285,0.00125,0.973,0.525,98.907,1
0.7440000000000001,0.865,11,-4.6610000000000005,0,0.35,0.0578,0.0,0.28300000000000003,0.591,162.065,1
0.588,0.865,2,-3.465,1,0.385,0.0654,0.0,0.359,0.503,88.589,1
0.665,0.879,7,-7.0070000000000014,1,0.311,0.6559999999999999,0.0,0.634,0.447,92.015,1
0.693,0.568,1,-10.63,0,0.448,0.334,0.0,0.339,0.841,87.27600000000002,1
0.7979999999999999,0.68,1,-5.9179999999999975,0,0.371,0.0726,2.19e-06,0.0896,0.6990000000000001,88.156,1
0.5489999999999999,0.913,8,-3.49,0,0.146,0.0026,0.0,0.26,0.669,154.957,1
0.509,0.952,2,-4.444,0,0.336,0.14400000000000002,0.0,0.135,0.7,83.068,1
0.721,0.768,0,-4.655,1,0.244,0.0593,0.0,0.227,0.264,90.02799999999998,1
0.466,0.833,7,-4.215,1,0.304,0.0266,0.0,0.0327,0.6609999999999999,88.785,1
0.459,0.926,4,-3.415,1,0.155,0.0239,1.93e-05,0.183,0.569,151.534,1
0.575,0.857,4,-3.961,1,0.155,0.0125,0.00229,0.145,0.623,117.413,1
0.62,0.912,1,-4.011,1,0.221,0.0728,7.15e-05,0.249,0.29100000000000004,106.236,1
0.431,0.855,9,-4.205,1,0.15,0.00673,0.00114,0.639,0.397,163.014,1
0.412,0.919,5,-7.291,1,0.184,0.0124,0.0601,0.424,0.5720000000000001,166.36700000000005,1
0.53,0.871,7,-6.3610000000000015,1,0.302,0.004070000000000001,0.0207,0.272,0.706,93.046,1
0.47,0.978,7,-5.399,1,0.0727,0.0261,1.09e-05,0.35600000000000004,0.503,117.906,1
0.426,0.929,2,-6.729,1,0.0701,0.00162,0.105,0.0789,0.539,127.059,1
0.6509999999999999,0.908,2,-4.019,1,0.0577,0.00184,0.000579,0.384,0.769,123.851,1
0.457,0.779,7,-6.323,1,0.257,0.0185,2.04e-06,0.0247,0.7340000000000001,86.573,1
0.315,0.97,7,-5.424,1,0.483,0.0234,2.03e-06,0.122,0.37,149.749,1
0.598,0.939,7,-3.663,1,0.105,0.00114,9.26e-06,0.28800000000000003,0.63,95.884,1
0.298,0.848,2,-5.947,1,0.0727,0.0538,0.00152,0.201,0.194,148.282,1
0.44,0.967,11,-5.83,0,0.237,0.163,3.64e-06,0.121,0.574,96.752,1
0.313,0.915,7,-4.86,1,0.345,0.016,5.11e-05,0.206,0.206,137.849,1
0.21,0.204,11,-16.829,1,0.0424,0.99,0.908,0.098,0.0693,62.149,1
0.17,0.0823,10,-30.107,0,0.0317,0.989,0.911,0.0962,0.34600000000000003,85.98899999999998,1
0.277,0.09,7,-26.188,1,0.0316,0.975,0.949,0.125,0.168,105.031,1
0.38,0.119,11,-21.255,1,0.0389,0.991,0.89,0.0601,0.18,132.005,1
0.305,0.083,6,-20.895,1,0.0331,0.977,0.6970000000000001,0.231,0.0479,80.622,1
0.337,0.0699,5,-23.806,0,0.0322,0.99,0.903,0.106,0.135,72.133,1
0.355,0.0452,1,-24.125,1,0.0329,0.985,0.825,0.153,0.276,84.551,1
0.233,0.113,1,-18.276,1,0.0397,0.992,0.879,0.161,0.0642,64.082,1
0.188,0.0891,0,-25.936,1,0.0326,0.974,0.8959999999999999,0.124,0.16399999999999998,59.94600000000001,1
0.444,0.0431,1,-26.77,1,0.041,0.99,0.889,0.124,0.404,106.062,1
0.272,0.281,10,-16.227999999999998,0,0.0365,0.99,0.867,0.087,0.0775,99.27,1
0.28,0.0463,11,-19.78,1,0.0347,0.989,0.873,0.0743,0.0722,100.131,1
0.301,0.0823,1,-23.282,1,0.0382,0.992,0.852,0.087,0.0548,137.296,1
0.409,0.0224,1,-18.234,1,0.0441,0.993,0.908,0.13,0.0655,126.458,1
0.245,0.0577,5,-24.98,0,0.0328,0.991,0.882,0.0704,0.105,74.00399999999998,1
0.391,0.0781,4,-19.99,1,0.0507,0.996,0.912,0.0946,0.0554,80.911,1
0.264,0.29100000000000004,8,-16.078,1,0.0332,0.991,0.909,0.0985,0.471,86.866,1
0.333,0.0606,3,-23.601,1,0.0337,0.993,0.865,0.0823,0.0959,91.429,1
0.368,0.0349,11,-24.841,1,0.0472,0.995,0.8809999999999999,0.0787,0.04,76.167,1
0.289,0.08800000000000001,11,-22.613000000000003,1,0.0427,0.993,0.928,0.11,0.163,109.662,1
0.256,0.0293,9,-26.254,0,0.0415,0.994,0.946,0.0987,0.0377,80.443,1
0.211,0.183,6,-16.95,0,0.0391,0.996,0.852,0.0948,0.0797,91.95,1
0.359,0.0617,1,-23.484,1,0.0471,0.994,0.935,0.12,0.272,44.777,1
0.165,0.123,10,-27.893,0,0.0341,0.989,0.902,0.09,0.493,83.334,1
0.245,0.0683,4,-25.671,1,0.0446,0.994,0.916,0.0896,0.253,64.84,1
0.246,0.109,3,-23.065,1,0.0429,0.989,0.7909999999999999,0.0689,0.112,78.98,1
0.309,0.0947,4,-20.013,0,0.0369,0.994,0.877,0.066,0.156,98.011,1
0.278,0.13699999999999998,1,-20.132,1,0.0413,0.987,0.909,0.109,0.08800000000000001,63.377,1
0.336,0.0201,11,-23.889,1,0.0595,0.995,0.931,0.0852,0.156,83.541,1
0.341,0.17800000000000002,0,-25.284,1,0.0464,0.986,0.928,0.107,0.195,86.71,1
0.224,0.0159,5,-26.07,1,0.042,0.993,0.906,0.0712,0.124,68.283,1
0.307,0.02,1,-25.747,1,0.0397,0.992,0.935,0.108,0.0579,79.57,1
0.261,0.0149,1,-27.528,1,0.0419,0.992,0.897,0.102,0.0382,75.296,1
0.359,0.0323,1,-24.408,1,0.0377,0.989,0.91,0.0938,0.0728,107.169,1
0.314,0.0157,1,-36.252,0,0.0356,0.991,0.916,0.134,0.0939,95.89,1
0.243,0.135,1,-21.091,0,0.0344,0.994,0.8740000000000001,0.147,0.3720000000000001,80.16,1
0.227,0.0227,7,-24.489,1,0.0363,0.993,0.905,0.924,0.0825,65.615,1
0.359,0.0136,8,-29.607,1,0.0393,0.995,0.932,0.0918,0.118,142.221,1
0.325,0.0481,1,-29.124,1,0.0352,0.99,0.902,0.6940000000000001,0.413,85.541,1
0.265,0.185,1,-17.996,1,0.0375,0.991,0.89,0.181,0.281,98.321,1
0.295,0.138,4,-17.58,1,0.0374,0.994,0.8759999999999999,0.112,0.101,77.082,1
0.381,0.0281,11,-25.721,1,0.0388,0.995,0.8909999999999999,0.057,0.0532,89.469,1
0.301,0.0823,1,-23.282,1,0.0382,0.992,0.852,0.087,0.0548,137.296,1
0.29,0.124,6,-17.667,1,0.0382,0.993,0.903,0.13,0.113,71.581,1
0.389,0.047,5,-20.711,0,0.0512,0.995,0.903,0.0836,0.0862,77.03,1
0.343,0.187,1,-18.433,1,0.0337,0.974,0.539,0.6729999999999999,0.0457,82.464,1
0.393,0.2,2,-18.478,1,0.0309,0.978,0.8390000000000001,0.189,0.399,95.881,1
0.305,0.0223,4,-29.834,1,0.0391,0.993,0.922,0.104,0.112,125.692,1
0.267,0.0533,10,-31.124,0,0.0326,0.991,0.929,0.098,0.532,71.556,1
0.35100000000000003,0.0129,3,-31.143,1,0.0444,0.992,0.893,0.13,0.0968,129.711,1
0.314,0.128,7,-20.246,1,0.0428,0.8640000000000001,0.0368,0.0745,0.17800000000000002,92.706,1
0.246,0.0706,9,-24.98,1,0.0441,0.748,0.266,0.134,0.0792,105.179,1
0.159,0.0639,5,-25.122,1,0.0463,0.931,0.337,0.11,0.0381,70.539,1
0.253,0.202,2,-18.462,1,0.0362,0.906,0.963,0.403,0.302,93.184,1
0.292,0.189,8,-16.159000000000002,1,0.0333,0.967,0.792,0.0948,0.0813,87.98,1
0.263,0.197,4,-16.207,0,0.0391,0.949,0.893,0.11,0.105,102.069,1
0.304,0.0934,9,-14.985,1,0.0383,0.974,0.87,0.0815,0.211,109.534,1
0.17600000000000002,0.189,11,-19.049,1,0.0358,0.8859999999999999,0.8290000000000001,0.0829,0.16899999999999998,81.97,1
0.395,0.0225,4,-32.611999999999995,0,0.0353,0.913,0.953,0.156,0.217,117.202,1
0.466,0.333,7,-15.473,1,0.0411,0.938,0.926,0.139,0.29100000000000004,80.279,1
0.127,0.11,2,-22.63,1,0.0438,0.975,0.933,0.0992,0.0784,76.021,1
0.173,0.0521,0,-26.906,0,0.0444,0.955,0.156,0.0946,0.0383,105.078,1
0.21600000000000005,0.134,2,-20.053,1,0.055,0.917,0.685,0.192,0.124,80.861,1
0.244,0.124,2,-19.81,1,0.0481,0.962,0.899,0.193,0.222,101.836,1
0.285,0.0718,10,-19.658,1,0.0415,0.963,0.8909999999999999,0.0595,0.116,116.612,1
0.265,0.0666,1,-22.209,0,0.0423,0.942,0.748,0.0769,0.0725,144.025,1
0.0849,0.209,4,-19.25,0,0.0441,0.947,0.853,0.149,0.0411,78.378,1
0.395,0.465,9,-11.441,1,0.0441,0.8059999999999999,0.0351,0.141,0.605,130.344,1
0.36,0.162,7,-19.872,1,0.044,0.906,0.578,0.0859,0.21,81.785,1
0.329,0.4370000000000001,2,-12.598,1,0.0369,0.589,0.0188,0.153,0.8690000000000001,82.304,1
0.363,0.0479,2,-29.101,1,0.0392,0.931,0.939,0.14300000000000002,0.322,126.688,1
0.311,0.0752,1,-25.736,1,0.0385,0.988,0.657,0.151,0.0627,118.773,1
0.227,0.154,10,-17.569000000000006,1,0.0393,0.963,0.8370000000000001,0.105,0.364,94.658,1
0.535,0.392,4,-15.493,1,0.0402,0.813,0.621,0.13699999999999998,0.468,122.224,1
0.156,0.127,7,-18.719,1,0.041,0.968,0.866,0.486,0.0811,79.946,1
0.166,0.00979,4,-34.955,1,0.0341,0.928,0.8370000000000001,0.138,0.0829,181.186,1
0.28300000000000003,0.0605,4,-20.885,1,0.0416,0.973,0.904,0.107,0.17800000000000002,62.12,1
0.26,0.0992,9,-17.512999999999998,1,0.0379,0.962,0.8320000000000001,0.147,0.0954,105.207,1
0.345,0.417,10,-13.574000000000002,0,0.0571,0.878,0.885,0.0943,0.26,94.278,1
0.189,0.349,11,-16.035,1,0.0435,0.889,0.8059999999999999,0.35,0.0722,135.34,1
0.328,0.147,2,-19.081,1,0.0384,0.958,0.8690000000000001,0.109,0.158,124.029,1
0.528,0.282,4,-16.449,0,0.0309,0.947,0.959,0.142,0.393,74.834,1
0.312,0.308,10,-14.787,1,0.0317,0.949,0.947,0.244,0.471,104.317,1
0.163,0.124,1,-18.018,1,0.0397,0.913,0.93,0.157,0.0651,78.263,1
0.189,0.349,11,-16.035,1,0.0435,0.889,0.8059999999999999,0.35,0.0722,135.34,1
0.263,0.114,9,-23.306,1,0.041,0.941,0.911,0.0975,0.156,135.58,1
0.405,0.102,6,-21.528,0,0.0366,0.949,0.994,0.136,0.319,85.05799999999998,1
0.354,0.4270000000000001,10,-13.562,0,0.0565,0.878,0.89,0.0795,0.241,95.821,1
0.117,0.0563,9,-21.805,1,0.0376,0.946,0.862,0.0986,0.0983,89.412,1
0.535,0.34600000000000003,6,-16.291,0,0.0309,0.235,0.488,0.0658,0.653,124.39,1
0.163,0.0891,2,-20.255,1,0.0403,0.936,0.91,0.0689,0.0723,91.533,1
0.254,0.209,4,-16.534000000000002,1,0.0425,0.927,0.731,0.0727,0.154,130.222,1
0.315,0.989,1,-4.507,1,0.184,0.000389,7.41e-06,0.193,0.145,125.315,1
0.28,0.983,7,-4.574,1,0.142,0.000233,5.96e-05,0.305,0.5,153.67700000000005,1
0.451,0.993,1,-4.143,1,0.185,0.000562,0.00479,0.152,0.14,100.827,1
0.298,0.986,1,-4.125,1,0.182,0.0125,1.22e-05,0.0782,0.411,158.636,1
0.229,0.994,6,-3.431,1,0.22,7.03e-05,0.00548,0.318,0.115,156.623,1
0.279,0.993,11,-2.67,0,0.209,0.000278,0.000394,0.197,0.107,88.553,1
0.395,0.988,11,-4.063,0,0.246,0.000128,0.000244,0.134,0.189,107.684,1
0.223,0.989,7,-3.952,1,0.383,0.000122,0.759,0.552,0.051,86.323,1
0.302,0.976,6,-4.591,1,0.147,0.00383,2.3e-06,0.583,0.6809999999999999,168.946,1
0.499,0.97,0,-2.838,1,0.116,0.000683,0.136,0.0871,0.0506,106.558,1
0.263,0.978,11,-6.669,0,0.455,0.00189,0.0403,0.894,0.0769,90.803,1
0.295,0.961,2,-4.605,1,0.0997,2.4e-05,0.67,0.203,0.196,136.882,1
0.32299999999999995,0.982,2,-3.239,1,0.147,0.00269,2.41e-06,0.301,0.321,124.711,1
0.467,0.992,11,-3.218,0,0.175,7.8e-05,0.00175,0.41,0.317,115.209,1
0.327,0.994,11,-4.023,0,0.252,7.55e-05,0.00848,0.434,0.16,111.737,1
0.318,0.991,1,-2.965,1,0.165,0.000156,0.00132,0.128,0.261,97.719,1
0.325,0.986,7,-2.757,1,0.225,0.000655,4.33e-06,0.0224,0.142,135.637,1
0.382,0.996,7,-4.119,1,0.104,0.0020800000000000003,0.0,0.417,0.327,93.345,1
0.331,0.946,7,-4.599,1,0.0775,0.0309,5.62e-06,0.254,0.534,139.965,1
0.293,0.997,4,-4.364,0,0.217,0.000463,3.950000000000001e-05,0.415,0.13,100.348,1
0.334,0.99,1,-3.961,1,0.187,0.000779,0.0,0.0744,0.395,145.162,1
0.28300000000000003,0.978,6,-5.612,1,0.18,0.000105,0.0735,0.252,0.399,166.178,1
0.462,0.996,11,-2.9730000000000003,0,0.231,5.8e-05,0.00377,0.139,0.145,122.072,1
0.49,0.0803,7,-13.22,1,0.0522,0.945,0.0,0.0939,0.376,76.646,1
0.612,0.163,2,-16.183,1,0.0568,0.994,0.0021100000000000003,0.104,0.573,110.326,1
0.518,0.24,0,-11.015,1,0.0426,0.8290000000000001,0.0,0.982,0.19,119.073,1
0.527,0.34700000000000003,7,-13.107,1,0.0413,0.735,0.519,0.214,0.519,112.165,1
0.662,0.244,8,-15.322,1,0.0399,0.872,0.157,0.104,0.5720000000000001,113.461,1
0.615,0.0965,10,-15.977,1,0.0551,0.902,0.0,0.691,0.6409999999999999,139.812,1
0.586,0.18,0,-14.076,1,0.0329,0.888,7.65e-06,0.238,0.6409999999999999,82.161,1
0.633,0.507,5,-10.171,1,0.0325,0.215,0.0,0.209,0.677,104.868,1
0.593,0.395,1,-9.783,1,0.0283,0.748,1.79e-06,0.122,0.639,78.134,1
0.306,0.188,1,-16.088,1,0.0352,0.8220000000000001,5.53e-06,0.0767,0.418,210.752,1
0.9,0.693,11,-3.989,0,0.0751,0.0245,0.00278,0.04,0.8640000000000001,107.021,0
0.7090000000000001,0.565,5,-6.395,0,0.0471,0.00209,0.0125,0.0901,0.5710000000000001,112.203,0
0.818,0.787,6,-5.363,0,0.097,0.062,0.000453,0.0668,0.899,106.997,0
0.7340000000000001,0.856,6,-4.592,0,0.056,0.0642,0.000475,0.0442,0.67,115.027,0
0.905,0.657,11,-4.901,1,0.0376,0.0827,3.17e-05,0.173,0.659,110.001,0
0.7170000000000001,0.877,0,-4.266,1,0.0375,0.0136,0.000814,0.0616,0.794,111.0,0
0.81,0.924,0,-4.02,0,0.0356,0.119,8.73e-05,0.149,0.868,108.016,0
0.6859999999999999,0.805,6,-3.094,1,0.0991,0.13699999999999998,0.0,0.068,0.87,172.05900000000003,0
0.732,0.888,7,-2.415,1,0.0792,0.0702,2.74e-06,0.379,0.674,93.993,0
0.757,0.725,0,-4.86,0,0.0315,0.185,5.56e-05,0.568,0.883,92.96,0
0.7140000000000001,0.852,8,-6.57,1,0.0565,0.0819,0.0,0.285,0.919,92.016,0
0.636,0.489,9,-8.097999999999999,1,0.0263,0.337,0.0,0.29100000000000004,0.297,125.616,0
0.659,0.866,8,-5.789,1,0.0351,0.165,3.65e-05,0.0988,0.765,100.997,0
0.741,0.622,8,-5.877999999999999,1,0.0404,0.008870000000000001,0.0005009999999999999,0.15,0.625,122.013,0
0.648,0.664,4,-6.617000000000001,0,0.16399999999999998,0.25,1.18e-06,0.33,0.484,127.917,0
0.667,0.898,1,-1.843,0,0.0448,0.00293,0.000722,0.159,0.7509999999999999,110.056,0
0.759,0.6990000000000001,0,-5.745,0,0.0307,0.202,0.000131,0.443,0.907,92.96,0
0.7509999999999999,0.8340000000000001,1,-5.444,0,0.0437,0.3,1.77e-05,0.355,0.894,95.053,0
0.7070000000000001,0.923,11,-3.957,1,0.0521,0.128,0.000437,0.273,0.8420000000000001,108.049,0
0.765,0.7909999999999999,8,-5.7070000000000025,1,0.0317,0.262,0.000154,0.0669,0.966,95.026,0
0.774,0.838,5,-3.914,0,0.114,0.0249,0.025,0.242,0.924,143.04,0
0.7879999999999999,0.8440000000000001,2,-3.131,1,0.0334,0.25,0.000678,0.0723,0.382,113.324,0
0.7240000000000001,0.695,11,-5.226,1,0.0622,0.073,0.0,0.0889,0.235,139.0,0
0.7909999999999999,0.733,6,-5.215,0,0.052000000000000005,0.147,0.000381,0.0713,0.7609999999999999,114.98,0
0.745,0.742,10,-5.693,1,0.0259,0.42,0.0,0.102,0.8059999999999999,95.996,0
0.748,0.939,0,-4.288,0,0.0341,0.0534,0.0,0.32,0.96,104.001,0
0.847,0.843,5,-3.579,0,0.106,0.415,0.000134,0.107,0.963,110.027,0
0.774,0.847,5,-3.925,0,0.121,0.0279,0.0183,0.241,0.923,143.011,0
0.7170000000000001,0.5870000000000001,4,-7.296,0,0.0339,0.0192,0.0,0.0523,0.544,129.954,0
0.629,0.8240000000000001,9,-6.53,1,0.159,0.155,0.000628,0.0651,0.852,128.01,0
0.769,0.638,11,-5.0539999999999985,1,0.21600000000000005,0.0902,0.0,0.0857,0.782,115.007,0
0.6970000000000001,0.7090000000000001,5,-1.917,0,0.0455,0.0452,0.0,0.138,0.787,134.91,0
0.696,0.7340000000000001,7,-5.294,1,0.0298,0.0485,0.0,0.183,0.711,107.987,0
0.693,0.705,8,-5.747000000000001,1,0.0665,0.0228,0.0,0.202,0.45,131.951,0
0.398,0.284,3,-12.852,1,0.0337,0.966,8.57e-05,0.116,0.114,109.599,0
0.696,0.546,5,-6.55,1,0.0414,0.00379,3.8e-06,0.332,0.787,130.002,0
0.633,0.922,11,-4.842,0,0.0454,0.116,0.000465,0.071,0.6859999999999999,84.11,0
0.682,0.894,0,-1.73,0,0.0727,0.0381,0.0,0.416,0.845,95.992,0
0.677,0.965,8,-2.355,1,0.0426,0.0931,0.000108,0.345,0.7490000000000001,101.068,0
0.7120000000000001,0.911,5,-3.866,0,0.0445,0.6890000000000001,8.02e-06,0.107,0.85,117.533,0
0.632,0.7559999999999999,4,-6.567,1,0.0417,0.159,0.0,0.273,0.713,138.96,0
0.534,0.5429999999999999,3,-6.857,1,0.0245,0.579,0.0,0.112,0.418,78.99600000000002,0
0.7509999999999999,0.937,10,-4.436,0,0.108,0.0122,0.0,0.0639,0.662,111.029,0
0.642,0.722,4,-4.845,0,0.16699999999999998,0.293,0.0,0.337,0.513,127.959,0
0.648,0.722,0,-4.813,0,0.0427,0.0103,0.0,0.24,0.389,132.97299999999998,0
0.677,0.665,7,-5.171,1,0.0305,0.56,1.01e-06,0.338,0.706,74.98100000000002,0
0.7090000000000001,0.728,9,-1.643,1,0.185,0.000811,0.105,0.564,0.5720000000000001,180.107,0
0.828,0.662,7,-6.419,1,0.0461,0.0394,2.02e-05,0.191,0.847,105.014,0
0.8079999999999999,0.7609999999999999,10,-5.614,0,0.0512,0.23,0.0,0.674,0.92,110.965,0
0.847,0.8009999999999999,9,-3.838,1,0.0564,0.0876,0.000204,0.7659999999999999,0.841,93.189,0
0.845,0.935,4,-3.262,1,0.0671,0.0278,3.59e-05,0.37,0.962,129.94299999999998,0
0.8079999999999999,0.745,6,-5.551,0,0.201,0.00836,0.0,0.815,0.79,147.04,0
0.7140000000000001,0.818,6,-7.524,1,0.189,0.0431,0.0,0.122,0.637,96.021,0
0.871,0.883,11,-5.075,0,0.105,0.0155,0.0,0.14,0.581,125.037,0
0.6629999999999999,0.861,7,-3.398,0,0.109,0.0338,0.0,0.08199999999999999,0.654,119.963,0
0.75,0.8909999999999999,9,-3.751,1,0.226,0.0246,6.24e-06,0.057,0.5529999999999999,128.076,0
0.794,0.695,1,-6.692,1,0.15,0.00355,0.0,0.0883,0.364,108.071,0
0.7290000000000001,0.911,0,-4.5,1,0.045,0.00205,1.39e-06,0.295,0.74,127.087,0
0.573,0.856,9,-4.807,1,0.371,0.0204,4.93e-05,0.179,0.515,139.317,0
0.851,0.629,1,-8.385,1,0.175,0.00705,0.000372,0.0746,0.789,125.984,0
0.6629999999999999,0.861,7,-3.398,0,0.109,0.0338,0.0,0.08199999999999999,0.654,119.963,0
0.85,0.631,1,-8.401,1,0.227,0.006840000000000001,0.000406,0.0679,0.738,126.002,0
0.8170000000000001,0.733,2,-6.009,1,0.145,0.0152,4.31e-05,0.107,0.833,127.056,0
0.82,0.731,9,-6.02,1,0.159,0.0133,1.94e-05,0.131,0.7929999999999999,127.076,0
0.858,0.6559999999999999,6,-4.96,0,0.358,0.114,0.0,0.141,0.969,59.972,0
0.7909999999999999,0.782,10,-4.012,0,0.247,0.00446,4.8e-06,0.267,0.897,123.975,0
0.7979999999999999,0.895,5,-7.811,1,0.21600000000000005,0.177,0.0,0.358,0.784,127.967,0
0.5920000000000001,0.873,9,-5.65,1,0.0275,0.0715,0.00982,0.142,0.516,122.011,0
0.529,0.612,10,-8.794,1,0.052000000000000005,0.253,0.0,0.246,0.434,119.272,0
0.5579999999999999,0.934,10,-4.072,0,0.0355,0.0185,0.21,0.275,0.385,130.00799999999998,0
0.63,0.6659999999999999,7,-7.186,1,0.045,0.0481,0.000567,0.104,0.28800000000000003,115.973,0
0.639,0.843,5,-3.393,1,0.0334,0.0386,0.0829,0.108,0.317,135.002,0
0.584,0.89,1,-5.941,0,0.0343,0.047,0.8140000000000001,0.309,0.466,126.04,0
0.6859999999999999,0.581,9,-5.9110000000000005,1,0.112,0.000276,0.1,0.3,0.253,124.995,0
0.532,0.7829999999999999,2,-5.697,1,0.0523,0.0038,0.0012,0.161,0.643,124.08,0
0.545,0.78,7,-4.867,0,0.0436,0.0309,4.64e-05,0.0828,0.458,125.014,0
0.527,0.835,6,-5.297999999999999,1,0.0433,0.0166,0.0,0.249,0.654,125.983,0
0.579,0.736,6,-3.863,0,0.0527,0.31,0.0,0.198,0.613,127.999,0
0.601,0.8340000000000001,1,-6.573,0,0.0358,0.0295,0.888,0.34,0.35200000000000004,125.991,0
0.556,0.885,6,-4.045,1,0.0321,0.007859999999999999,1.95e-06,0.138,0.7709999999999999,125.997,0
0.605,0.8,5,-6.235,0,0.0545,0.155,0.0562,0.121,0.836,128.07399999999998,0
0.59,0.7240000000000001,0,-3.278,1,0.0439,0.04,4.07e-05,0.142,0.526,127.059,0
0.52,0.823,0,-5.152,1,0.0363,0.000364,0.289,0.14,0.158,127.981,0
0.46,0.85,2,-3.176,1,0.0616,0.00557,0.00533,0.217,0.557,124.014,0
0.46,0.85,2,-3.176,1,0.0616,0.00557,0.00533,0.217,0.557,124.014,0
0.569,0.785,1,-4.057,0,0.0457,0.0505,1.12e-06,0.086,0.303,128.031,0
0.586,0.727,6,-4.799,1,0.039,0.00247,0.0107,0.152,0.496,124.99,0
0.608,0.947,0,-3.932,1,0.055,0.0798,0.759,0.355,0.667,128.224,0
0.516,0.8059999999999999,2,-5.132999999999999,1,0.0538,0.00389,0.000674,0.115,0.5770000000000001,124.118,0
0.483,0.746,1,-7.718,1,0.0525,0.117,0.00355,0.0853,0.9,127.67,0
0.365,0.946,6,-7.079,1,0.108,0.415,0.00177,0.976,0.31,121.288,0
0.527,0.948,6,-5.325,1,0.0494,0.281,5.27e-05,0.224,0.8420000000000001,153.395,0
0.643,0.912,6,-5.235,1,0.0812,0.363,0.012,0.0767,0.939,146.863,0
0.363,0.94,11,-7.93,1,0.0882,0.0758,0.284,0.964,0.276,126.458,0
0.365,0.961,1,-5.63,1,0.113,0.29600000000000004,0.00551,0.8959999999999999,0.236,129.454,0
0.489,0.675,3,-7.474,1,0.0359,0.535,7.56e-06,0.165,0.386,114.535,0
0.574,0.773,8,-6.9129999999999985,1,0.0537,0.618,0.0,0.125,0.7440000000000001,128.83,0
0.422,0.877,11,-7.747999999999997,1,0.0934,0.0441,0.0,0.414,0.501,131.64,0
0.631,0.911,9,-6.444,1,0.0571,0.029,0.000196,0.0829,0.547,116.01,0
0.573,0.905,11,-4.833,1,0.108,0.109,0.00253,0.106,0.265,129.535,0
0.563,0.851,4,-7.874,1,0.0428,0.0129,5.24e-05,0.0793,0.596,118.961,0
0.422,0.7290000000000001,11,-8.576,1,0.0321,0.000246,0.237,0.0586,0.79,133.754,0
0.387,0.976,0,-5.268,0,0.132,0.207,0.0348,0.992,0.241,133.70600000000002,0
0.304,0.882,1,-6.1320000000000014,0,0.0421,0.0045,5.34e-05,0.426,0.591,99.334,0
0.34,0.957,9,-6.176,1,0.202,0.53,1.46e-06,0.0378,0.39,171.75,0
0.29600000000000004,0.965,5,-6.303,1,0.16699999999999998,0.0025800000000000003,7.94e-05,0.857,0.593,192.754,0
0.271,0.937,3,-6.2860000000000005,0,0.0649,0.0871,0.7659999999999999,0.969,0.333,151.395,0
0.633,0.821,1,-7.275,1,0.0729,0.0163,0.000424,0.0517,0.857,127.257,0
0.643,0.866,1,-7.666,1,0.0412,0.0858,4.49e-05,0.0934,0.92,125.869,0
0.386,0.986,8,-5.724,1,0.23,0.0924,0.274,0.976,0.234,135.185,0
0.7170000000000001,0.937,1,-3.703,1,0.0478,0.332,1.59e-05,0.0716,0.838,136.84,0
0.48,0.953,1,-5.345,1,0.0706,0.227,8.83e-05,0.444,0.562,140.37,0
0.598,0.737,1,-13.463,1,0.1,0.0227,0.0,0.135,0.8059999999999999,144.79,0
0.276,0.99,5,-7.465,0,0.159,0.00212,0.48,0.752,0.126,165.351,0
0.65,0.929,10,-5.323,0,0.0686,0.15,7.54e-05,0.16,0.662,139.26,0
0.515,0.792,1,-4.896,1,0.0572,0.115,6.32e-05,0.0601,0.95,161.332,0
0.722,0.79,8,-6.771,1,0.0312,0.0219,0.0,0.179,0.961,117.246,0
0.451,0.954,8,-5.925,1,0.17800000000000002,0.157,0.000187,0.981,0.464,137.059,0
0.249,0.954,1,-6.937,1,0.0916,0.12,0.597,0.97,0.343,78.868,0
0.426,0.957,0,-8.027999999999999,0,0.192,0.0159,0.0157,0.836,0.122,91.08,0
0.55,0.7120000000000001,8,-7.191,1,0.0709,0.478,0.0,0.0557,0.6679999999999999,133.987,0
0.53,0.934,8,-4.315,1,0.0731,0.0751,0.0,0.456,0.731,135.654,0
0.509,0.893,1,-6.831,0,0.0703,0.325,2.36e-06,0.154,0.8140000000000001,126.583,0
0.348,0.956,1,-7.011,1,0.141,0.173,0.179,0.968,0.27,128.97799999999998,0
0.557,0.833,4,-6.479,1,0.0311,0.255,2.5e-06,0.11,0.691,130.09799999999998,0
0.532,0.926,4,-6.026,1,0.0947,0.0712,0.0,0.0711,0.542,129.593,0
0.5379999999999999,0.821,4,-5.515,0,0.028,0.0721,1.04e-05,0.138,0.7190000000000001,120.402,0
0.388,0.943,1,-6.439,1,0.08199999999999999,0.0043100000000000005,0.0107,0.35,0.431,177.077,0
0.472,0.947,9,-5.506,1,0.203,0.00386,0.13699999999999998,0.3,0.32299999999999995,142.07299999999995,0
0.7609999999999999,0.68,4,-11.792,1,0.0374,0.168,4.49e-05,0.0945,0.926,128.739,0
0.662,0.823,6,-4.497,1,0.038,0.107,0.00172,0.0566,0.8490000000000001,133.612,0
0.174,0.43,3,-25.17,0,0.0515,0.951,0.936,0.93,0.0242,91.827,0
0.333,0.991,3,-5.659,0,0.184,0.0228,0.385,0.969,0.0679,121.813,0
0.355,0.968,6,-5.776,1,0.18,0.161,0.618,0.5670000000000001,0.172,143.286,0
0.217,0.956,9,-4.878,1,0.13699999999999998,0.00534,0.13,0.928,0.375,169.45,0
0.669,0.701,10,-7.172999999999999,0,0.0537,0.153,0.0109,0.409,0.923,128.85399999999998,0
0.568,0.889,4,-4.994,1,0.07400000000000001,0.245,0.0,0.0885,0.888,146.41,0
0.598,0.56,6,-6.221,1,0.0226,0.195,2.860000000000001e-05,0.241,0.535,87.973,0
0.129,0.358,10,-6.596,1,0.0314,0.631,0.0,0.0886,0.172,75.048,0
0.6990000000000001,0.784,1,-3.667,1,0.0401,0.0232,0.0,0.0857,0.858,97.982,0
0.5379999999999999,0.517,9,-7.309,1,0.0285,0.0838,0.0,0.226,0.182,136.049,0
0.5710000000000001,0.6970000000000001,0,-4.255,1,0.0294,0.00574,0.0,0.0775,0.636,181.987,0
0.626,0.532,9,-7.205,1,0.0276,0.29600000000000004,0.0,0.123,0.33,130.076,0
0.645,0.921,6,-5.256,0,0.0302,0.00809,1.0800000000000003e-05,0.407,0.8640000000000001,129.0,0
0.4920000000000001,0.593,0,-5.975,1,0.0255,0.098,0.0,0.257,0.329,144.134,0
0.664,0.787,0,-5.246,1,0.0239,0.038,0.0,0.193,0.588,102.95,0
0.532,0.525,4,-6.812,1,0.0295,0.0467,0.0,0.053,0.536,75.993,0
0.443,0.493,8,-7.956,1,0.0318,0.32299999999999995,0.0,0.21,0.28300000000000003,72.742,0
0.67,0.295,6,-9.7,1,0.0271,0.518,0.0,0.151,0.507,94.014,0
0.597,0.945,6,-3.845,1,0.0497,0.018000000000000002,0.0,0.0654,0.939,147.908,0
0.649,0.429,2,-7.43,1,0.0239,0.231,0.0,0.16399999999999998,0.243,92.011,0
0.422,0.396,9,-9.048,1,0.0306,0.579,0.0,0.12,0.319,141.09799999999996,0
0.7090000000000001,0.555,2,-3.506,1,0.0348,0.000269,0.0,0.0804,0.638,106.0,0
0.758,0.8690000000000001,9,-5.474,0,0.0568,0.146,0.0,0.0946,0.83,113.918,0
0.721,0.408,0,-10.998,1,0.0275,0.115,0.0,0.13699999999999998,0.171,113.122,0
0.792,0.8190000000000001,10,-4.933,0,0.0367,0.00564,0.00016299999999999998,0.175,0.515,108.056,0
0.672,0.407,7,-8.416,0,0.0263,0.241,0.0,0.377,0.37,134.143,0
0.4,0.754,7,-3.899,1,0.0348,0.0186,0.0,0.316,0.231,160.031,0
0.685,0.963,10,-2.675,1,0.0336,0.0254,6.65e-06,0.33,0.916,110.025,0
0.721,0.757,9,-4.4689999999999985,1,0.0269,0.0743,0.0,0.218,0.93,109.991,0
0.541,0.758,5,-3.626,1,0.0275,0.00126,0.0,0.0763,0.181,102.984,0
0.672,0.518,0,-8.281,0,0.0262,0.103,0.0,0.111,0.309,122.074,0
0.364,0.157,5,-14.76,0,0.0314,0.893,0.0,0.145,0.237,77.561,0
0.503,0.759,4,-4.124,1,0.0332,0.0273,0.0,0.112,0.257,141.959,0
0.774,0.792,0,-6.382999999999999,1,0.0286,0.151,0.0,0.103,0.8079999999999999,98.208,0
0.634,0.836,0,-4.601,0,0.0289,0.0396,0.0,0.113,0.5870000000000001,124.006,0
0.6829999999999999,0.585,7,-7.572999999999999,1,0.0745,0.0105,3.59e-05,0.0718,0.602,82.869,0
0.652,0.967,10,-3.772,1,0.0358,0.103,1.87e-05,0.578,0.782,108.03,0
0.775,0.816,0,-5.534,1,0.0281,0.16399999999999998,0.0,0.126,0.753,98.219,0
0.8,0.875,11,-4.952,0,0.0338,0.0615,2.79e-06,0.13,0.882,100.033,0
0.792,0.8109999999999999,10,-5.198,0,0.0367,0.00602,0.000155,0.224,0.509,108.054,0
0.6890000000000001,0.6940000000000001,6,-5.83,0,0.027000000000000003,0.257,0.0,0.14800000000000002,0.482,99.039,0
0.6609999999999999,0.973,0,-2.994,0,0.037000000000000005,0.11,1.74e-05,0.617,0.75,108.037,0
0.575,0.7859999999999999,9,-4.353,1,0.0296,0.252,0.0,0.159,0.518,96.102,0
0.6890000000000001,0.7020000000000001,6,-5.642,0,0.0261,0.21600000000000005,0.0,0.159,0.484,99.031,0
0.519,0.589,7,-6.005,0,0.029,0.0885,0.0,0.153,0.341,161.99200000000005,0
0.63,0.625,6,-5.088,0,0.0252,0.231,0.0,0.0765,0.6829999999999999,167.998,0
0.735,0.873,10,-3.4930000000000003,0,0.0402,0.025,3.27e-06,0.265,0.586,108.021,0
0.731,0.574,1,-7.114,1,0.029,0.0644,0.0,0.0675,0.392,95.995,0
0.758,0.875,3,-4.518,0,0.0363,0.0851,0.0,0.227,0.91,112.966,0
0.696,0.8740000000000001,10,-3.318,0,0.0772,0.117,0.0,0.331,0.747,104.196,0
0.6629999999999999,0.934,5,-4.227,0,0.0348,0.0646,0.0,0.16399999999999998,0.621,110.031,0
0.4370000000000001,0.589,4,-4.834,1,0.0331,0.231,0.0,0.0768,0.165,133.631,0
0.7759999999999999,0.944,8,-4.854,0,0.0404,0.073,0.0,0.0866,0.757,113.012,0
0.772,0.901,0,-3.568,1,0.0395,0.086,0.0,0.0761,0.8420000000000001,116.042,0
0.73,0.638,6,-5.32,0,0.0336,0.0999,0.0,0.131,0.893,103.049,0
0.568,0.782,6,-5.968,1,0.0396,0.0799,0.0,0.0985,0.481,141.942,0
0.6609999999999999,0.5479999999999999,6,-8.433,1,0.0234,0.365,0.0,0.111,0.537,93.0,0
0.58,0.7290000000000001,4,-6.705,0,0.0287,0.0102,0.0,0.0805,0.483,80.061,0
0.738,0.75,2,-5.034,0,0.135,0.0323,0.0,0.102,0.8009999999999999,96.112,0
0.627,0.583,5,-6.746,0,0.0366,0.327,0.0,0.142,0.299,129.674,0
0.446,0.468,11,-9.844,1,0.0323,0.235,0.0,0.0963,0.223,169.983,0
0.693,0.6659999999999999,10,-6.347,0,0.0422,0.00402,0.0,0.098,0.6509999999999999,92.015,0
0.735,0.8009999999999999,1,-5.067,1,0.0554,0.275,0.0,0.13699999999999998,0.4970000000000001,123.094,1
0.578,0.866,1,-3.804,1,0.0619,0.00701,0.0,0.257,0.619,128.03799999999998,1
0.62,0.574,0,-11.893,1,0.0421,0.272,0.0,0.0607,0.9,81.548,0
0.636,0.264,6,-14.567,0,0.0263,0.593,4.22e-05,0.275,0.264,99.304,0
0.6890000000000001,0.481,10,-7.502999999999999,1,0.0815,0.369,1.03e-06,0.0649,0.28300000000000003,80.025,0
0.578,0.7859999999999999,7,-6.549,1,0.0314,0.0953,0.00303,0.0683,0.6970000000000001,96.326,1
0.446,0.952,6,-5.3210000000000015,1,0.0523,0.0901,0.0857,0.112,0.624,125.303,1
0.684,0.8190000000000001,1,-3.309,0,0.238,0.262,0.00197,0.113,0.25,179.99900000000005,0
0.477,0.471,6,-10.036,1,0.0277,0.193,1.76e-06,0.131,0.423,81.204,0
0.536,0.8440000000000001,6,-6.9179999999999975,0,0.058,0.0628,0.00084,0.0608,0.185,117.652,0
0.498,0.242,9,-12.238,1,0.0257,0.835,0.536,0.133,0.312,153.744,1
0.418,0.249,3,-13.744000000000002,1,0.0301,0.841,0.6609999999999999,0.112,0.213,82.803,1
0.262,0.606,8,-6.646,1,0.0484,0.247,0.0,0.125,0.275,189.857,0
0.672,0.777,9,-4.238,0,0.0956,0.0379,0.00141,0.159,0.238,90.575,1
0.5539999999999999,0.7829999999999999,6,-5.852,1,0.0457,0.416,1.54e-06,0.631,0.813,105.39,0
0.22,0.44,8,-9.456,0,0.0352,0.503,0.862,0.12,0.13,79.095,1
0.6509999999999999,0.695,6,-3.218,1,0.0487,0.23,0.0,0.14400000000000002,0.569,123.008,0
0.897,0.612,11,-10.489,1,0.211,0.0297,0.18600000000000005,0.0894,0.767,102.305,1
0.728,0.454,0,-9.281,1,0.0278,0.512,1.39e-06,0.0831,0.32299999999999995,130.368,0
0.5710000000000001,0.8370000000000001,0,-5.604,1,0.0377,0.165,5.12e-06,0.17,0.713,141.66,1
0.5820000000000001,0.72,10,-9.722,0,0.231,0.0127,0.0353,0.363,0.541,89.273,1
0.6970000000000001,0.474,9,-6.6629999999999985,1,0.0351,0.603,0.0,0.11,0.249,127.904,0